2018083015552003	AUDIT-LOG	Thu Aug 30 09:56:02 CEST 2018 RestoreTransfer[Aug 30 09:56:02]:616daf5c-ac23-11e8-946b-00a098de77e9 Operation-Uuid=23cfa2c4-ac2a-11e8-946b-00a098de77e9 Group=none Operation-Cookie=0 action=Start source=172.19.32.86:/share/afftest_testnfs destination=afftest:testnfs
2018083015552003	AUDIT-LOG	Thu Aug 30 09:56:02 CEST 2018 RestoreTransfer[Aug 30 09:56:02]:616daf5c-ac23-11e8-946b-00a098de77e9 Operation-Uuid=23cfa2c4-ac2a-11e8-946b-00a098de77e9 Group=none Operation-Cookie=0 action=End source=172.19.32.86:/share/afftest_testnfs destination=afftest:testnfs status=Success bytes_transferred=0 network_compression_ratio=1.0:1
2018083100220028	AUDIT-LOG	Thu Aug 30 13:44:10 PDT 2018 RestoreTransfer[Aug 30 13:44:10]:6f3486ed-ac95-11e8-ac6e-00a0982d695e Operation-Uuid=6f3486d7-ac95-11e8-ac6e-00a0982d695e Group=none Operation-Cookie=0 action=Start source=tiblab-fs1:restore1_vault destination=eaclab-fs1:tiblab_fs1_restore1_vault_restore
2018083100220028	AUDIT-LOG	Thu Aug 30 13:44:22 PDT 2018 RestoreTransfer[Aug 30 13:44:10]:6f3486ed-ac95-11e8-ac6e-00a0982d695e Operation-Uuid=6f3486d7-ac95-11e8-ac6e-00a0982d695e Group=none Operation-Cookie=0 action=End source=tiblab-fs1:restore1_vault destination=eaclab-fs1:tiblab_fs1_restore1_vault_restore status=Success bytes_transferred=513743160 network_compression_ratio=1.0:1 transfer_desc=Logical Transfer with Storage Efficiency - Optimized Directory Mode
2018083100500332	AUDIT-LOG	Thu Aug 30 23:40:12 PDT 2018 RestoreTransfer[Aug 30 23:40:12]:b2f4d3bc-ace8-11e8-8278-00a098aa1cdd Operation-Uuid=b2f4d3ae-ace8-11e8-8278-00a098aa1cdd Group=none Operation-Cookie=0 action=Start source=MAN-PRD-FS:LHR_PRD_FS1_LHR_PRD_FS1_3rdParty_mirror_vault destination=MAN-PRD-FS1:Gerry_LHR_PRD_FS1_3rdParty
2018083100500332	AUDIT-LOG	Thu Aug 30 23:42:11 PDT 2018 RestoreTransfer[Aug 30 23:42:11]:f9cb38f1-ace8-11e8-8278-00a098aa1cdd Operation-Uuid=f9cb38e3-ace8-11e8-8278-00a098aa1cdd Group=none Operation-Cookie=0 action=Start source=MAN-PRD-FS:LHR_PRD_FS1_LHR_PRD_FS1_Uploads_mirror_vault destination=MAN-PRD-FS1:Gerry_LHR_PRD_FS1_Uploads
2018083100500289	AUDIT-LOG	Thu Aug 30 23:41:08 PDT 2018 RestoreTransfer[Aug 30 23:41:08]:d45bd9ea-ace8-11e8-8278-00a098aa1cdd Operation-Uuid=d45bd9dd-ace8-11e8-8278-00a098aa1cdd Group=none Operation-Cookie=0 action=Start source=MAN-PRD-FS:LHR_PRD_FS1_LHR_PRD_FS1_ClientData_mirror_vault destination=MAN-PRD-FS1:Gerry_LHR_PRD_FS1_ClientData
2018083100500289	AUDIT-LOG	Thu Aug 30 23:43:12 PDT 2018 RestoreTransfer[Aug 30 23:43:12]:1e74b7a8-ace9-11e8-8278-00a098aa1cdd Operation-Uuid=1e74b79b-ace9-11e8-8278-00a098aa1cdd Group=none Operation-Cookie=0 action=Start source=MAN-PRD-FS:LHR_PRD_FS_LHR_PRD_FS_candidateRM_mirror_vault destination=MAN-PRD-FS:Gerry_LHR_PRD_FS1_candidateRM
2018083100500289	AUDIT-LOG	Thu Aug 30 23:43:24 PDT 2018 RestoreTransfer[Aug 30 23:43:12]:1e74b7a8-ace9-11e8-8278-00a098aa1cdd Operation-Uuid=1e74b79b-ace9-11e8-8278-00a098aa1cdd Group=none Operation-Cookie=0 action=End source=MAN-PRD-FS:LHR_PRD_FS_LHR_PRD_FS_candidateRM_mirror_vault destination=MAN-PRD-FS:Gerry_LHR_PRD_FS1_candidateRM status=Success bytes_transferred=268838556 network_compression_ratio=1.0:1 transfer_desc=Logical Transfer with Storage Efficiency - Optimized Directory Mode
2018083100500289	AUDIT-LOG	Thu Aug 30 23:46:18 PDT 2018 RestoreTransfer[Aug 30 23:46:18]:8d212959-ace9-11e8-8278-00a098aa1cdd Operation-Uuid=8d21294b-ace9-11e8-8278-00a098aa1cdd Group=none Operation-Cookie=0 action=Start source=MAN-PRD-FS:LHR_PRD_FS_LHR_PRD_FS_FTP_mirror_vault destination=MAN-PRD-FS:Gerry_LHR_PRD_FS_FTP
2018083109460164	AUDIT-LOG	Fri Aug 31 03:51:32 CST 2018 RestoreTransfer[Aug 30 08:45:02]:ea0aff28-abed-11e8-b8ed-00a098549720 Operation-Uuid=ea0aff0f-abed-11e8-b8ed-00a098549720 Group=none Operation-Cookie=0 action=End source=vscl2_t2_fs05_vault:data05_vault destination=vscl2_t2_fs05_vault:data05_re status=Success bytes_transferred=5937339791179 network_compression_ratio=1.0:1 transfer_desc=Logical Transfer with Storage Efficiency - Optimized Directory Mode
2018083116021181	AUDIT-LOG	Fri Aug 31 14:59:25 CEST 2018 RestoreTransfer[Aug 31 14:59:25]:18ce2363-ad1d-11e8-a654-00a09867d286 Operation-Uuid=afc13918-ad1d-11e8-a654-00a09867d286 Group=none Operation-Cookie=0 action=Start source=nleids10132:tenant10_003 destination=nleids7162:tenant10_090
2018083116021181	AUDIT-LOG	"Fri Aug 31 14:59:25 CEST 2018 RestoreTransfer[Aug 31 14:59:25]:18ce2363-ad1d-11e8-a654-00a09867d286 Operation-Uuid=afc13918-ad1d-11e8-a654-00a09867d286 Group=none Operation-Cookie=0 action=End source=nleids10132:tenant10_003 destination=nleids7162:tenant10_090 status=Failure message=\"nleids7162:tenant10_090\" will continue to be a data-protection volume when \"snapmirror restore\" with the \"-clean-up-failure\" parameter completes."
2018083116021181	AUDIT-LOG	Fri Aug 31 15:04:08 CEST 2018 RestoreTransfer[Aug 31 15:04:08]:30b4f8a3-ad1e-11e8-a654-00a09867d286 Operation-Uuid=30b4f892-ad1e-11e8-a654-00a09867d286 Group=none Operation-Cookie=0 action=Start source=nleids10132:tenant10_003 destination=nleids7162:tenant10_090
2018090100580471	AUDIT-LOG	Fri Aug 31 01:52:30 PDT 2018 RestoreTransfer[Aug 30 23:41:08]:d45bd9ea-ace8-11e8-8278-00a098aa1cdd Operation-Uuid=d45bd9dd-ace8-11e8-8278-00a098aa1cdd Group=none Operation-Cookie=0 action=End source=MAN-PRD-FS:LHR_PRD_FS1_LHR_PRD_FS1_ClientData_mirror_vault destination=MAN-PRD-FS1:Gerry_LHR_PRD_FS1_ClientData status=Success bytes_transferred=797831281745 network_compression_ratio=1.0:1 transfer_desc=Logical Transfer with Storage Efficiency - Optimized Directory Mode
2018090100580471	AUDIT-LOG	Fri Aug 31 12:43:01 PDT 2018 RestoreTransfer[Aug 30 23:46:18]:8d212959-ace9-11e8-8278-00a098aa1cdd Operation-Uuid=8d21294b-ace9-11e8-8278-00a098aa1cdd Group=none Operation-Cookie=0 action=End source=MAN-PRD-FS:LHR_PRD_FS_LHR_PRD_FS_FTP_mirror_vault destination=MAN-PRD-FS:Gerry_LHR_PRD_FS_FTP status=Success bytes_transferred=7317616185222 network_compression_ratio=1.0:1 transfer_desc=Logical Transfer with Storage Efficiency - Optimized Directory Mode
2018090100580415	AUDIT-LOG	Fri Aug 31 14:08:38 PDT 2018 RestoreTransfer[Aug 30 23:42:11]:f9cb38f1-ace8-11e8-8278-00a098aa1cdd Operation-Uuid=f9cb38e3-ace8-11e8-8278-00a098aa1cdd Group=none Operation-Cookie=0 action=End source=MAN-PRD-FS:LHR_PRD_FS1_LHR_PRD_FS1_Uploads_mirror_vault destination=MAN-PRD-FS1:Gerry_LHR_PRD_FS1_Uploads status=Success bytes_transferred=12313540468102 network_compression_ratio=1.0:1 transfer_desc=Logical Transfer with Storage Efficiency - Optimized Directory Mode
2018090100580415	AUDIT-LOG	Fri Aug 31 18:45:56 PDT 2018 RestoreTransfer[Aug 30 23:40:12]:b2f4d3bc-ace8-11e8-8278-00a098aa1cdd Operation-Uuid=b2f4d3ae-ace8-11e8-8278-00a098aa1cdd Group=none Operation-Cookie=0 action=End source=MAN-PRD-FS:LHR_PRD_FS1_LHR_PRD_FS1_3rdParty_mirror_vault destination=MAN-PRD-FS1:Gerry_LHR_PRD_FS1_3rdParty status=Success bytes_transferred=8560359651413 network_compression_ratio=1.0:1 transfer_desc=Logical Transfer with Storage Efficiency - Optimized Directory Mode
2018082623060431	AUDIT-LOG	Sun Aug 26 18:42:04 EST 2018 RestoreTransfer[Aug 26 18:42:04]:9fb59625-a989-11e8-9808-00a098ae6ca9 Operation-Uuid=9fb59617-a989-11e8-9808-00a098ae6ca9 Group=none Operation-Cookie=0 action=Start source=svm_aws_lm_cld_ontap_clstr3:DPM_DEMO_4_AWS_SV_AIP01 destination=PMTA-AIP:svm_aws_lm_cld_ontap_clstr3_DPM_DEMO_4_AWS_SV_AIP01_restore
2018082623060431	AUDIT-LOG	Sun Aug 26 18:42:06 EST 2018 RestoreTransfer[Aug 26 18:42:04]:9fb59625-a989-11e8-9808-00a098ae6ca9 Operation-Uuid=9fb59617-a989-11e8-9808-00a098ae6ca9 Group=none Operation-Cookie=0 action=End source=svm_aws_lm_cld_ontap_clstr3:DPM_DEMO_4_AWS_SV_AIP01 destination=PMTA-AIP:svm_aws_lm_cld_ontap_clstr3_DPM_DEMO_4_AWS_SV_AIP01_restore status=Success bytes_transferred=14744 network_compression_ratio=18.4:1 transfer_desc=Logical Transfer with Storage Efficiency - Optimized Directory Mode
2018082715431268	AUDIT-LOG	Mon Aug 27 15:43:20 CEST 2018 RestoreTransfer[Aug 27 15:43:20]:15987f36-a9f9-11e8-a816-00a098549498 Operation-Uuid=28b33a2d-a9ff-11e8-923b-00a098550248 Group=none Operation-Cookie=0 action=Start source=nb0gra-bck09:v_nb0grabck09_0002 destination=nb0gra-bck09:v_nb0grabck09_0002_resto
2018082715431268	AUDIT-LOG	Mon Aug 27 15:43:20 CEST 2018 RestoreTransfer[Aug 27 15:43:20]:15987f36-a9f9-11e8-a816-00a098549498 Operation-Uuid=28b33a2d-a9ff-11e8-923b-00a098550248 Group=none Operation-Cookie=0 action=End source=nb0gra-bck09:v_nb0grabck09_0002 destination=nb0gra-bck09:v_nb0grabck09_0002_resto status=Success bytes_transferred=0 network_compression_ratio=1.0:1
2018082716011083	AUDIT-LOG	Mon Aug 27 15:10:01 CEST 2018 RestoreTransfer[Aug 27 15:10:01]:6043a2b3-a9fa-11e8-a203-00a09852c7a4 Operation-Uuid=6043a24e-a9fa-11e8-a203-00a09852c7a4 Group=None Operation-Cookie=0 action=Start source=nb0gra-bck04:v_nb0grabck04_0003 destination=na0vlb-tst01:v_na0vlbtst01_0003
2018082716011083	AUDIT-LOG	Mon Aug 27 15:10:07 CEST 2018 RestoreTransfer[Aug 27 15:10:01]:6043a2b3-a9fa-11e8-a203-00a09852c7a4 Operation-Uuid=6043a24e-a9fa-11e8-a203-00a09852c7a4 Group=None Operation-Cookie=0 action=End source=nb0gra-bck04:v_nb0grabck04_0003 destination=na0vlb-tst01:v_na0vlbtst01_0003 status=Success bytes_transferred=1168 network_compression_ratio=1.0:1 transfer_desc=Logical Transfer with Storage Efficiency - Optimized Directory Mode
2018082715511602	AUDIT-LOG	Mon Aug 27 10:20:45 CEST 2018 RestoreTransfer[Aug 27 10:20:45]:6c76388d-a9d1-11e8-a203-00a09852c7a4 Operation-Uuid=18a73312-a9d2-11e8-a203-00a09852c7a4 Group=None Operation-Cookie=0 action=Start source=nb0gra-bck09:v_nb0grabck09_0002 destination=na0vlb-z0801:v_na0vlbz0801_0002_resto
2018082715511602	AUDIT-LOG	Mon Aug 27 10:20:45 CEST 2018 RestoreTransfer[Aug 27 10:20:45]:6c76388d-a9d1-11e8-a203-00a09852c7a4 Operation-Uuid=18a73312-a9d2-11e8-a203-00a09852c7a4 Group=None Operation-Cookie=0 action=End source=nb0gra-bck09:v_nb0grabck09_0002 destination=na0vlb-z0801:v_na0vlbz0801_0002_resto status=Success bytes_transferred=0 network_compression_ratio=1.0:1
2018082716021461	AUDIT-LOG	Mon Aug 27 18:26:14 CEST 2018 RestoreTransfer[Aug 27 18:26:14]:d2d43d34-aa15-11e8-a203-00a09852c7a4 Operation-Uuid=d2d43cf9-aa15-11e8-a203-00a09852c7a4 Group=None Operation-Cookie=0 action=Start source=nb0gra-bck09:v_nb0grabck09_0002 destination=na0vlb-z0801:v_na0vlbz0801_0002
2018082716021461	AUDIT-LOG	Mon Aug 27 18:31:46 CEST 2018 RestoreTransfer[Aug 27 18:26:14]:d2d43d34-aa15-11e8-a203-00a09852c7a4 Operation-Uuid=d2d43cf9-aa15-11e8-a203-00a09852c7a4 Group=None Operation-Cookie=0 action=End source=nb0gra-bck09:v_nb0grabck09_0002 destination=na0vlb-z0801:v_na0vlbz0801_0002 status=Success bytes_transferred=1300876409 network_compression_ratio=1.0:1 transfer_desc=Logical Transfer - Optimized Directory Mode
2018082721250407	AUDIT-LOG	Mon Aug 27 11:36:38 EDT 2018 RestoreTransfer[Aug 27 11:36:38]:fa08a3ac-aa0e-11e8-b1de-00a09866cac0 Operation-Uuid=fa08a398-aa0e-11e8-b1de-00a09866cac0 Group=none Operation-Cookie=0 action=Start source=ssc-nac1-twsql:cspdbapex_iscsi_data4 destination=ssc-nac1-dev:SAM_08272018_data4
2018082721250407	AUDIT-LOG	Mon Aug 27 11:36:41 EDT 2018 RestoreTransfer[Aug 27 11:36:41]:faf26db0-aa0e-11e8-b1de-00a09866cac0 Operation-Uuid=faf26d96-aa0e-11e8-b1de-00a09866cac0 Group=none Operation-Cookie=0 action=Start source=ssc-nac1-twsql:cspdbapex_iscsi_data5 destination=ssc-nac1-dev:SAM_08272018_data5
2018082721250407	AUDIT-LOG	Mon Aug 27 11:36:42 EDT 2018 RestoreTransfer[Aug 27 11:36:42]:fc544e5b-aa0e-11e8-b1de-00a09866cac0 Operation-Uuid=fc544e43-aa0e-11e8-b1de-00a09866cac0 Group=none Operation-Cookie=0 action=Start source=ssc-nac1-twsql:cspdbapex_iscsi_data6 destination=ssc-nac1-dev:SAM_08272018_data6
2018082721250407	AUDIT-LOG	Mon Aug 27 12:15:29 EDT 2018 RestoreTransfer[Aug 27 11:36:42]:fc544e5b-aa0e-11e8-b1de-00a09866cac0 Operation-Uuid=fc544e43-aa0e-11e8-b1de-00a09866cac0 Group=none Operation-Cookie=0 action=End source=ssc-nac1-twsql:cspdbapex_iscsi_data6 destination=ssc-nac1-dev:SAM_08272018_data6 status=Success bytes_transferred=97861648567 network_compression_ratio=1.0:1 transfer_desc=Logical Transfer with Storage Efficiency - Optimized Directory Mode
2018082721250407	AUDIT-LOG	Mon Aug 27 12:15:52 EDT 2018 RestoreTransfer[Aug 27 11:36:38]:fa08a3ac-aa0e-11e8-b1de-00a09866cac0 Operation-Uuid=fa08a398-aa0e-11e8-b1de-00a09866cac0 Group=none Operation-Cookie=0 action=End source=ssc-nac1-twsql:cspdbapex_iscsi_data4 destination=ssc-nac1-dev:SAM_08272018_data4 status=Success bytes_transferred=93477926125 network_compression_ratio=1.0:1
2018082721250407	AUDIT-LOG	Mon Aug 27 12:16:06 EDT 2018 RestoreTransfer[Aug 27 11:36:41]:faf26db0-aa0e-11e8-b1de-00a09866cac0 Operation-Uuid=faf26d96-aa0e-11e8-b1de-00a09866cac0 Group=none Operation-Cookie=0 action=End source=ssc-nac1-twsql:cspdbapex_iscsi_data5 destination=ssc-nac1-dev:SAM_08272018_data5 status=Success bytes_transferred=93910463072 network_compression_ratio=1.0:1
2018082721250085	AUDIT-LOG	Mon Aug 27 11:36:34 EDT 2018 RestoreTransfer[Aug 27 11:36:34]:f77129ba-aa0e-11e8-b1de-00a09866cac0 Operation-Uuid=f771299f-aa0e-11e8-b1de-00a09866cac0 Group=none Operation-Cookie=0 action=Start source=ssc-nac1-twsql:cspdbapex_iscsi_data1 destination=ssc-nac1-dev:SAM_08272018_data1
2018082721250085	AUDIT-LOG	Mon Aug 27 11:36:36 EDT 2018 RestoreTransfer[Aug 27 11:36:36]:f861ea7d-aa0e-11e8-b1de-00a09866cac0 Operation-Uuid=f861ea68-aa0e-11e8-b1de-00a09866cac0 Group=none Operation-Cookie=0 action=Start source=ssc-nac1-twsql:cspdbapex_iscsi_data2 destination=ssc-nac1-dev:SAM_08272018_data2
2018082721250085	AUDIT-LOG	Mon Aug 27 11:36:38 EDT 2018 RestoreTransfer[Aug 27 11:36:38]:f919446b-aa0e-11e8-b1de-00a09866cac0 Operation-Uuid=f9194458-aa0e-11e8-b1de-00a09866cac0 Group=none Operation-Cookie=0 action=Start source=ssc-nac1-twsql:cspdbapex_iscsi_data3 destination=ssc-nac1-dev:SAM_08272018_data3
2018082721250085	AUDIT-LOG	Mon Aug 27 12:10:34 EDT 2018 RestoreTransfer[Aug 27 11:36:36]:f861ea7d-aa0e-11e8-b1de-00a09866cac0 Operation-Uuid=f861ea68-aa0e-11e8-b1de-00a09866cac0 Group=none Operation-Cookie=0 action=End source=ssc-nac1-twsql:cspdbapex_iscsi_data2 destination=ssc-nac1-dev:SAM_08272018_data2 status=Success bytes_transferred=90273390656 network_compression_ratio=1.0:1 transfer_desc=Logical Transfer with Storage Efficiency - Optimized Directory Mode
2018082721250085	AUDIT-LOG	Mon Aug 27 12:12:01 EDT 2018 RestoreTransfer[Aug 27 11:36:38]:f919446b-aa0e-11e8-b1de-00a09866cac0 Operation-Uuid=f9194458-aa0e-11e8-b1de-00a09866cac0 Group=none Operation-Cookie=0 action=End source=ssc-nac1-twsql:cspdbapex_iscsi_data3 destination=ssc-nac1-dev:SAM_08272018_data3 status=Success bytes_transferred=92651472779 network_compression_ratio=1.0:1
2018082721250085	AUDIT-LOG	Mon Aug 27 12:12:32 EDT 2018 RestoreTransfer[Aug 27 11:36:34]:f77129ba-aa0e-11e8-b1de-00a09866cac0 Operation-Uuid=f771299f-aa0e-11e8-b1de-00a09866cac0 Group=none Operation-Cookie=0 action=End source=ssc-nac1-twsql:cspdbapex_iscsi_data1 destination=ssc-nac1-dev:SAM_08272018_data1 status=Success bytes_transferred=95654847565 network_compression_ratio=1.0:1
2018082721590308	AUDIT-LOG	Mon Aug 27 03:01:16 EDT 2018 RestoreTransfer[Aug 27 03:01:16]:f3b97413-a9c6-11e8-b78b-00a0989f241f Operation-Uuid=f3b973ff-a9c6-11e8-b78b-00a0989f241f Group=none Operation-Cookie=0 action=Start source=enfas1-backup:sv_nycfas1_vmware_vmbackup_2 destination=nycfas1-vmware:vol_nycfas1_vmware_vmbackup_2
2018082721590308	AUDIT-LOG	Mon Aug 27 06:12:29 EDT 2018 RestoreTransfer[Aug 27 03:01:16]:f3b97413-a9c6-11e8-b78b-00a0989f241f Operation-Uuid=f3b973ff-a9c6-11e8-b78b-00a0989f241f Group=none Operation-Cookie=0 action=End source=enfas1-backup:sv_nycfas1_vmware_vmbackup_2 destination=nycfas1-vmware:vol_nycfas1_vmware_vmbackup_2 status=Success bytes_transferred=259873810592 network_compression_ratio=1.0:1 transfer_desc=Logical Transfer with Storage Efficiency - Optimized Directory Mode - Rebuild (Flip Resync)
2018082800240298	AUDIT-LOG	Mon Aug 27 16:44:28 PDT 2018 RestoreTransfer[Aug 27 16:44:28]:2058d9ea-aa53-11e8-8278-00a098aa1cdd Operation-Uuid=2058d9d9-aa53-11e8-8278-00a098aa1cdd Group=none Operation-Cookie=0 action=Start source=MAN-PRD-FS:LHR_PRD_FS_LHR_PRD_FS_FTP_mirror_vault destination=MAN-PRD-FS:MAN_PRD_FS_LHR_PRD_FS_LHR_PRD_FS_FTP_mirror_vault_restore2
2018082800240405	AUDIT-LOG	Mon Aug 27 14:12:17 PDT 2018 RestoreTransfer[Aug 27 14:12:17]:dd78f853-aa3d-11e8-8278-00a098aa1cdd Operation-Uuid=dd78f846-aa3d-11e8-8278-00a098aa1cdd Group=none Operation-Cookie=0 action=Start source=MAN-PRD-FS:LHR_PRD_FS_LHR_PRD_FS_FTP_mirror_vault destination=MAN-PRD-FS:MAN_PRD_FS_LHR_PRD_FS_LHR_PRD_FS_FTP_mirror_vault_restore
2018082800240405	AUDIT-LOG	Mon Aug 27 21:05:48 PDT 2018 RestoreTransfer[Aug 27 14:12:17]:dd78f853-aa3d-11e8-8278-00a098aa1cdd Operation-Uuid=dd78f846-aa3d-11e8-8278-00a098aa1cdd Group=none Operation-Cookie=0 action=End source=MAN-PRD-FS:LHR_PRD_FS_LHR_PRD_FS_FTP_mirror_vault destination=MAN-PRD-FS:MAN_PRD_FS_LHR_PRD_FS_LHR_PRD_FS_FTP_mirror_vault_restore status=Success bytes_transferred=7345548837243 network_compression_ratio=1.0:1 transfer_desc=Logical Transfer with Storage Efficiency - Optimized Directory Mode
2018082802270059	AUDIT-LOG	Tue Aug 28 16:09:36 HKT 2018 RestoreTransfer[Aug 28 16:09:36]:b1118185-aa99-11e8-97dd-00a098db948c Operation-Uuid=b1118171-aa99-11e8-97dd-00a098db948c Group=none Operation-Cookie=0 action=Start source=husgsvm02:hpsgsvm01_HPSVHVS_OS_vault destination=HPSGSVM03:husgsvm02_hpsgsvm01_HPSVHVS_OS_vault_restore
2018082802270059	AUDIT-LOG	Tue Aug 28 16:23:08 HKT 2018 RestoreTransfer[Aug 28 16:09:36]:b1118185-aa99-11e8-97dd-00a098db948c Operation-Uuid=b1118171-aa99-11e8-97dd-00a098db948c Group=none Operation-Cookie=0 action=End source=husgsvm02:hpsgsvm01_HPSVHVS_OS_vault destination=HPSGSVM03:husgsvm02_hpsgsvm01_HPSVHVS_OS_vault_restore status=Success bytes_transferred=27824049408 network_compression_ratio=1.0:1 transfer_desc=Logical Transfer with Storage Efficiency - Optimized Directory Mode
2018082808460123	AUDIT-LOG	Tue Aug 28 22:06:33 JST 2018 RestoreTransfer[Aug 28 22:06:33]:2cdebb8b-aac3-11e8-8c89-00a098ca364b Operation-Uuid=2cdebb7d-aac3-11e8-8c89-00a098ca364b Group=none Operation-Cookie=0 action=Start source=172.20.10.22:/share/vtst_cmn_269 destination=tstsvm_cmn_db001:drtst_vtst_cmn_269_4
2018082808460123	AUDIT-LOG	Tue Aug 28 22:09:16 JST 2018 RestoreTransfer[Aug 28 22:06:33]:2cdebb8b-aac3-11e8-8c89-00a098ca364b Operation-Uuid=2cdebb7d-aac3-11e8-8c89-00a098ca364b Group=none Operation-Cookie=0 action=End source=172.20.10.22:/share/vtst_cmn_269 destination=tstsvm_cmn_db001:drtst_vtst_cmn_269_4 status=Success bytes_transferred=8702318344 network_compression_ratio=1.0:1 transfer_desc=Logical Transfer - Logical Directory Mode
2018082810270001	AUDIT-LOG	Tue Aug 28 18:27:37 HKT 2018 RestoreTransfer[Aug 28 18:27:37]:e21d1f19-aaa1-11e8-97dd-00a098db948c Operation-Uuid=fbd07662-aaac-11e8-a455-00a098db948c Group=none Operation-Cookie=0 action=Start source=husgsvm02:HPSGSVM03_HPSVHVS02_Critical_vault destination=HPSGSVM03:HPSVHVS02_Critical
2018082810270001	AUDIT-LOG	Tue Aug 28 18:27:37 HKT 2018 RestoreTransfer[Aug 28 18:27:37]:e21d1f19-aaa1-11e8-97dd-00a098db948c Operation-Uuid=fbd07662-aaac-11e8-a455-00a098db948c Group=none Operation-Cookie=0 action=End source=husgsvm02:HPSGSVM03_HPSVHVS02_Critical_vault destination=HPSGSVM03:HPSVHVS02_Critical status=Success bytes_transferred=0 network_compression_ratio=1.0:1
2018082810270001	AUDIT-LOG	Tue Aug 28 18:51:09 HKT 2018 RestoreTransfer[Aug 28 18:51:09]:42975bc3-aab0-11e8-a455-00a098db948c Operation-Uuid=42975ba8-aab0-11e8-a455-00a098db948c Group=none Operation-Cookie=0 action=Start source=husgsvm02:HPSGSVM03_HPSVHVS02_Critical_vault destination=HPSGSVM03:HPSVHVS02_Critical
2018082810270001	AUDIT-LOG	Tue Aug 28 18:51:28 HKT 2018 RestoreTransfer[Aug 28 18:51:09]:42975bc3-aab0-11e8-a455-00a098db948c Operation-Uuid=42975ba8-aab0-11e8-a455-00a098db948c Group=none Operation-Cookie=0 action=End source=husgsvm02:HPSGSVM03_HPSVHVS02_Critical_vault destination=HPSGSVM03:HPSVHVS02_Critical status=Success bytes_transferred=51445596 network_compression_ratio=1.0:1 transfer_desc=Logical Transfer with Storage Efficiency - Optimized Directory Mode
2018082815301205	AUDIT-LOG	Tue Aug 28 07:47:56 CEST 2018 RestoreTransfer[Aug 28 07:47:56]:e6c2e371-aa85-11e8-aa4e-00a098ce6f53 Operation-Uuid=e6c2e35c-aa85-11e8-aa4e-00a098ce6f53 Group=none Operation-Cookie=0 action=Start source=dcsvsbdor3000:dcsvsbdor3000_hsa_hdbn001 destination=dcsvssdor3000:dcsvssdor3000_hsa_hdbn001
2018082815301205	AUDIT-LOG	Tue Aug 28 07:48:18 CEST 2018 RestoreTransfer[Aug 28 07:47:56]:e6c2e371-aa85-11e8-aa4e-00a098ce6f53 Operation-Uuid=e6c2e35c-aa85-11e8-aa4e-00a098ce6f53 Group=none Operation-Cookie=0 action=End source=dcsvsbdor3000:dcsvsbdor3000_hsa_hdbn001 destination=dcsvssdor3000:dcsvssdor3000_hsa_hdbn001 status=Success bytes_transferred=2227590674 network_compression_ratio=1.0:1 transfer_desc=Logical Transfer - Optimized Directory Mode
2018082815420657	AUDIT-LOG	Tue Aug 28 21:47:18 CEST 2018 RestoreTransfer[Aug 28 21:47:18]:2b6df6aa-aafb-11e8-b099-00a098a33c53 Operation-Uuid=2b6df693-aafb-11e8-b099-00a098a33c53 Group=none Operation-Cookie=0 action=Start source=dewdfnpchsbkp01_hcp01:test_restore destination=derot2npchs24_hcp01:restore1
2018082815420657	AUDIT-LOG	Tue Aug 28 21:47:42 CEST 2018 RestoreTransfer[Aug 28 21:47:18]:2b6df6aa-aafb-11e8-b099-00a098a33c53 Operation-Uuid=2b6df693-aafb-11e8-b099-00a098a33c53 Group=none Operation-Cookie=0 action=End source=dewdfnpchsbkp01_hcp01:test_restore destination=derot2npchs24_hcp01:restore1 status=Success bytes_transferred=1242907265 network_compression_ratio=1.0:1 transfer_desc=Logical Transfer with Storage Efficiency - Optimized Directory Mode
2018082815420657	AUDIT-LOG	Tue Aug 28 21:49:56 CEST 2018 RestoreTransfer[Aug 28 21:49:56]:868a4ecc-aafb-11e8-b099-00a098a33c53 Operation-Uuid=868a4eb6-aafb-11e8-b099-00a098a33c53 Group=none Operation-Cookie=0 action=Start source=dewdfnpchsbkp01_hcp01:test_restore destination=derot2npchs24_hcp01:restore2
2018082815420657	AUDIT-LOG	Tue Aug 28 21:50:21 CEST 2018 RestoreTransfer[Aug 28 21:49:56]:868a4ecc-aafb-11e8-b099-00a098a33c53 Operation-Uuid=868a4eb6-aafb-11e8-b099-00a098a33c53 Group=none Operation-Cookie=0 action=End source=dewdfnpchsbkp01_hcp01:test_restore destination=derot2npchs24_hcp01:restore2 status=Success bytes_transferred=1242885345 network_compression_ratio=1.0:1 transfer_desc=Logical Transfer with Storage Efficiency - Optimized Directory Mode
2018082815420657	AUDIT-LOG	Tue Aug 28 21:51:56 CEST 2018 RestoreTransfer[Aug 28 21:51:56]:cdb8cb03-aafb-11e8-b099-00a098a33c53 Operation-Uuid=cdb8caef-aafb-11e8-b099-00a098a33c53 Group=none Operation-Cookie=0 action=Start source=dewdfnpchsbkp01_hcp01:test_restore destination=derot2npchs24_hcp01:restore3
2018082815420657	AUDIT-LOG	Tue Aug 28 21:52:18 CEST 2018 RestoreTransfer[Aug 28 21:51:56]:cdb8cb03-aafb-11e8-b099-00a098a33c53 Operation-Uuid=cdb8caef-aafb-11e8-b099-00a098a33c53 Group=none Operation-Cookie=0 action=End source=dewdfnpchsbkp01_hcp01:test_restore destination=derot2npchs24_hcp01:restore3 status=Success bytes_transferred=1242830545 network_compression_ratio=1.0:1 transfer_desc=Logical Transfer with Storage Efficiency - Optimized Directory Mode
2018082815420657	AUDIT-LOG	Tue Aug 28 21:57:25 CEST 2018 RestoreTransfer[Aug 28 21:57:25]:844244fb-aafc-11e8-b099-00a098a33c53 Operation-Uuid=844244e4-aafc-11e8-b099-00a098a33c53 Group=none Operation-Cookie=0 action=Start source=dewdfnpchsbkp01_hcp01:test_restore destination=derot2npchs24_hcp01:restore3
2018082815420657	AUDIT-LOG	Tue Aug 28 21:57:28 CEST 2018 RestoreTransfer[Aug 28 21:57:25]:844244fb-aafc-11e8-b099-00a098a33c53 Operation-Uuid=844244e4-aafc-11e8-b099-00a098a33c53 Group=none Operation-Cookie=0 action=End source=dewdfnpchsbkp01_hcp01:test_restore destination=derot2npchs24_hcp01:restore3 status=Success bytes_transferred=2192 network_compression_ratio=1.0:1 transfer_desc=Logical Transfer with Storage Efficiency - Optimized Directory Mode
2018082815420657	AUDIT-LOG	Tue Aug 28 22:09:14 CEST 2018 RestoreTransfer[Aug 28 22:09:14]:35b66eeb-aafe-11e8-b099-00a098a33c53 Operation-Uuid=35b66ed5-aafe-11e8-b099-00a098a33c53 Group=none Operation-Cookie=0 action=Start source=dewdfnpchsbkp01_hcp01:test_restore destination=derot2npchs24_hcp01:restore3
2018082815420657	AUDIT-LOG	Tue Aug 28 22:09:34 CEST 2018 RestoreTransfer[Aug 28 22:09:14]:35b66eeb-aafe-11e8-b099-00a098a33c53 Operation-Uuid=35b66ed5-aafe-11e8-b099-00a098a33c53 Group=none Operation-Cookie=0 action=End source=dewdfnpchsbkp01_hcp01:test_restore destination=derot2npchs24_hcp01:restore3 status=Success bytes_transferred=40799696 network_compression_ratio=1.0:1 transfer_desc=Logical Transfer with Storage Efficiency - Optimized Directory Mode - Rebuild (Traditional)
2018082821520555	AUDIT-LOG	Wed Aug 29 00:08:09 EDT 2018 RestoreTransfer[Aug 29 00:08:09]:0e8efb97-ab41-11e8-8d09-00a0989e2de2 Operation-Uuid=0e8efb82-ab41-11e8-8d09-00a0989e2de2 Group=none Operation-Cookie=0 action=Start source=vsw_crp_cifs:cvol_crp_fs_Learning_FlightOps_01 destination=ndd_crp_cifs:DR_cvol_crp_fs_Learning_FlightOps_01
2018082821520555	AUDIT-LOG	Wed Aug 29 00:08:28 EDT 2018 RestoreTransfer[Aug 29 00:08:09]:0e8efb97-ab41-11e8-8d09-00a0989e2de2 Operation-Uuid=0e8efb82-ab41-11e8-8d09-00a0989e2de2 Group=none Operation-Cookie=0 action=End source=vsw_crp_cifs:cvol_crp_fs_Learning_FlightOps_01 destination=ndd_crp_cifs:DR_cvol_crp_fs_Learning_FlightOps_01 status=Success bytes_transferred=2200 network_compression_ratio=1.0:1 transfer_desc=Logical Transfer with Storage Efficiency - Optimized Directory Mode
2018082900430658	AUDIT-LOG	Tue Aug 28 15:36:40 PDT 2018 RestoreTransfer[Aug 28 15:36:40]:d195155e-ab12-11e8-b98f-00a098afeeab Operation-Uuid=d195154e-ab12-11e8-b98f-00a098afeeab Group=none Operation-Cookie=0 action=Start source=MAN-PRD-FS:LHR_PRD_FS1_LHR_PRD_FS1_3rdParty_mirror_vault destination=LHR-PRD-FS1:ZACH_LHR_PRD_FS1_3rdParty_mirror_vault_restore
2018082900400700	AUDIT-LOG	Tue Aug 28 01:15:28 PDT 2018 RestoreTransfer[Aug 28 01:15:28]:831985ee-aa9a-11e8-8278-00a098aa1cdd Operation-Uuid=831985df-aa9a-11e8-8278-00a098aa1cdd Group=none Operation-Cookie=0 action=Start source=MAN-PRD-FS:LHR_PRD_FS_LHR_PRD_FS_FTP_mirror_vault destination=MAN-PRD-FS:MAN_PRD_FS_LHR_PRD_FS_LHR_PRD_FS_FTP_mirror_vault_audit
2018082900400700	AUDIT-LOG	Tue Aug 28 01:16:59 PDT 2018 RestoreTransfer[Aug 28 01:16:59]:b96a819e-aa9a-11e8-8278-00a098aa1cdd Operation-Uuid=b96a8190-aa9a-11e8-8278-00a098aa1cdd Group=none Operation-Cookie=0 action=Start source=MAN-PRD-FS:LHR_PRD_FS_LHR_PRD_FS_Content_Services_mirror_vault destination=MAN-PRD-FS:MAN_PRD_FS_LHR_PRD_FS_LHR_PRD_FS_Content_Services_mirror_vault_audit
2018082900400700	AUDIT-LOG	Tue Aug 28 01:20:22 PDT 2018 RestoreTransfer[Aug 28 01:20:22]:3246a51e-aa9b-11e8-8278-00a098aa1cdd Operation-Uuid=3246a510-aa9b-11e8-8278-00a098aa1cdd Group=none Operation-Cookie=0 action=Start source=MAN-PRD-FS:LHR_PRD_FS1_LHR_PRD_FS1_3rdParty_mirror_vault destination=MAN-PRD-FS1:MAN_PRD_FS_LHR_PRD_FS1_LHR_PRD_FS1_3rdParty_mirror_vault_audit
2018082900400700	AUDIT-LOG	Tue Aug 28 01:21:47 PDT 2018 RestoreTransfer[Aug 28 01:16:59]:b96a819e-aa9a-11e8-8278-00a098aa1cdd Operation-Uuid=b96a8190-aa9a-11e8-8278-00a098aa1cdd Group=none Operation-Cookie=0 action=End source=MAN-PRD-FS:LHR_PRD_FS_LHR_PRD_FS_Content_Services_mirror_vault destination=MAN-PRD-FS:MAN_PRD_FS_LHR_PRD_FS_LHR_PRD_FS_Content_Services_mirror_vault_audit status=Success bytes_transferred=50170536255 network_compression_ratio=1.0:1 transfer_desc=Logical Transfer with Storage Efficiency - Optimized Directory Mode
2018082900400700	AUDIT-LOG	Tue Aug 28 09:10:20 PDT 2018 RestoreTransfer[Aug 28 09:10:20]:d930ad16-aadc-11e8-8278-00a098aa1cdd Operation-Uuid=d930ad09-aadc-11e8-8278-00a098aa1cdd Group=none Operation-Cookie=0 action=Start source=MAN-PRD-FS:LHR_PRD_FS_LHR_PRD_FS_FTP_mirror_vault destination=MAN-PRD-FS:MAN_PRD_FS_LHR_PRD_FS_LHR_PRD_FS_FTP_mirror_vault_restore1
2018082900400700	AUDIT-LOG	Tue Aug 28 11:39:16 PDT 2018 RestoreTransfer[Aug 28 01:20:22]:3246a51e-aa9b-11e8-8278-00a098aa1cdd Operation-Uuid=3246a510-aa9b-11e8-8278-00a098aa1cdd Group=none Operation-Cookie=0 action=End source=MAN-PRD-FS:LHR_PRD_FS1_LHR_PRD_FS1_3rdParty_mirror_vault destination=MAN-PRD-FS1:MAN_PRD_FS_LHR_PRD_FS1_LHR_PRD_FS1_3rdParty_mirror_vault_audit status=Failure message=Transfer aborted.(Note=Delete checkpoint operation is queued.) Note=Delete checkpoint operation is queued.
2018082900400700	AUDIT-LOG	Tue Aug 28 11:43:19 PDT 2018 RestoreTransfer[Aug 28 11:43:19]:3246a51e-aa9b-11e8-8278-00a098aa1cdd Operation-Uuid=3be67064-aaf2-11e8-8278-00a098aa1cdd Group=none Operation-Cookie=0 action=Start source=MAN-PRD-FS:LHR_PRD_FS1_LHR_PRD_FS1_3rdParty_mirror_vault destination=MAN-PRD-FS1:MAN_PRD_FS_LHR_PRD_FS1_LHR_PRD_FS1_3rdParty_mirror_vault_audit
2018082900400700	AUDIT-LOG	Tue Aug 28 11:50:20 PDT 2018 RestoreTransfer[Aug 28 11:43:19]:3246a51e-aa9b-11e8-8278-00a098aa1cdd Operation-Uuid=3be67064-aaf2-11e8-8278-00a098aa1cdd Group=none Operation-Cookie=0 action=End source=MAN-PRD-FS:LHR_PRD_FS1_LHR_PRD_FS1_3rdParty_mirror_vault destination=MAN-PRD-FS1:MAN_PRD_FS_LHR_PRD_FS1_LHR_PRD_FS1_3rdParty_mirror_vault_audit status=Failure message=Failed to get volume attributes for MAN-PRD-FS1:MAN_PRD_FS_LHR_PRD_FS1_LHR_PRD_FS1_3rdParty_mirror_vault_audit.(Volume is offline)
2018082900400700	AUDIT-LOG	Tue Aug 28 15:14:30 PDT 2018 RestoreTransfer[Aug 28 01:15:28]:831985ee-aa9a-11e8-8278-00a098aa1cdd Operation-Uuid=831985df-aa9a-11e8-8278-00a098aa1cdd Group=none Operation-Cookie=0 action=End source=MAN-PRD-FS:LHR_PRD_FS_LHR_PRD_FS_FTP_mirror_vault destination=MAN-PRD-FS:MAN_PRD_FS_LHR_PRD_FS_LHR_PRD_FS_FTP_mirror_vault_audit status=Success bytes_transferred=7254458234825 network_compression_ratio=1.0:1 transfer_desc=Logical Transfer with Storage Efficiency - Optimized Directory Mode
2018082900400700	AUDIT-LOG	Tue Aug 28 15:37:44 PDT 2018 RestoreTransfer[Aug 28 15:37:44]:f82b27f6-ab12-11e8-8278-00a098aa1cdd Operation-Uuid=f82b27e9-ab12-11e8-8278-00a098aa1cdd Group=none Operation-Cookie=0 action=Start source=MAN-PRD-FS:LHR_PRD_FS1_LHR_PRD_FS1_ClientData_mirror_vault destination=MAN-PRD-FS1:MAN_PRD_FS_LHR_PRD_FS1_LHR_PRD_FS1_ClientData_mirror_vault_restore
2018082900400700	AUDIT-LOG	Tue Aug 28 17:53:26 PDT 2018 RestoreTransfer[Aug 28 15:37:44]:f82b27f6-ab12-11e8-8278-00a098aa1cdd Operation-Uuid=f82b27e9-ab12-11e8-8278-00a098aa1cdd Group=none Operation-Cookie=0 action=End source=MAN-PRD-FS:LHR_PRD_FS1_LHR_PRD_FS1_ClientData_mirror_vault destination=MAN-PRD-FS1:MAN_PRD_FS_LHR_PRD_FS1_LHR_PRD_FS1_ClientData_mirror_vault_restore status=Success bytes_transferred=797375029089 network_compression_ratio=1.0:1 transfer_desc=Logical Transfer with Storage Efficiency - Optimized Directory Mode
2018082900400700	AUDIT-LOG	Tue Aug 28 19:13:00 PDT 2018 RestoreTransfer[Aug 28 09:10:20]:d930ad16-aadc-11e8-8278-00a098aa1cdd Operation-Uuid=d930ad09-aadc-11e8-8278-00a098aa1cdd Group=none Operation-Cookie=0 action=End source=MAN-PRD-FS:LHR_PRD_FS_LHR_PRD_FS_FTP_mirror_vault destination=MAN-PRD-FS:MAN_PRD_FS_LHR_PRD_FS_LHR_PRD_FS_FTP_mirror_vault_restore1 status=Success bytes_transferred=7251376840284 network_compression_ratio=1.0:1 transfer_desc=Logical Transfer with Storage Efficiency - Optimized Directory Mode
2018082900400634	AUDIT-LOG	Tue Aug 28 01:14:40 PDT 2018 RestoreTransfer[Aug 27 16:44:28]:2058d9ea-aa53-11e8-8278-00a098aa1cdd Operation-Uuid=2058d9d9-aa53-11e8-8278-00a098aa1cdd Group=none Operation-Cookie=0 action=End source=MAN-PRD-FS:LHR_PRD_FS_LHR_PRD_FS_FTP_mirror_vault destination=MAN-PRD-FS:MAN_PRD_FS_LHR_PRD_FS_LHR_PRD_FS_FTP_mirror_vault_restore2 status=Success bytes_transferred=7346423655759 network_compression_ratio=1.0:1 transfer_desc=Logical Transfer with Storage Efficiency - Optimized Directory Mode
2018082900400634	AUDIT-LOG	Tue Aug 28 01:18:44 PDT 2018 RestoreTransfer[Aug 28 01:18:44]:f7b7af24-aa9a-11e8-8278-00a098aa1cdd Operation-Uuid=f7b7af15-aa9a-11e8-8278-00a098aa1cdd Group=none Operation-Cookie=0 action=Start source=MAN-PRD-FS:LHR_PRD_FS_LHR_PRD_FS_candidateRM_mirror_vault destination=MAN-PRD-FS:MAN_PRD_FS_LHR_PRD_FS_LHR_PRD_FS_candidateRM_mirror_vault_audit
2018082900400634	AUDIT-LOG	Tue Aug 28 01:19:05 PDT 2018 RestoreTransfer[Aug 28 01:18:44]:f7b7af24-aa9a-11e8-8278-00a098aa1cdd Operation-Uuid=f7b7af15-aa9a-11e8-8278-00a098aa1cdd Group=none Operation-Cookie=0 action=End source=MAN-PRD-FS:LHR_PRD_FS_LHR_PRD_FS_candidateRM_mirror_vault destination=MAN-PRD-FS:MAN_PRD_FS_LHR_PRD_FS_LHR_PRD_FS_candidateRM_mirror_vault_audit status=Success bytes_transferred=252367364 network_compression_ratio=1.0:1 transfer_desc=Logical Transfer with Storage Efficiency - Optimized Directory Mode
2018082900400634	AUDIT-LOG	Tue Aug 28 01:21:37 PDT 2018 RestoreTransfer[Aug 28 01:21:37]:5edaa509-aa9b-11e8-8278-00a098aa1cdd Operation-Uuid=5edaa4f9-aa9b-11e8-8278-00a098aa1cdd Group=none Operation-Cookie=0 action=Start source=MAN-PRD-FS:LHR_PRD_FS1_LHR_PRD_FS1_ClientData_mirror_vault destination=MAN-PRD-FS1:MAN_PRD_FS_LHR_PRD_FS1_LHR_PRD_FS1_ClientData_mirror_vault_audit
2018082900400634	AUDIT-LOG	Tue Aug 28 01:23:09 PDT 2018 RestoreTransfer[Aug 28 01:23:09]:95bf63ce-aa9b-11e8-8278-00a098aa1cdd Operation-Uuid=95bf63be-aa9b-11e8-8278-00a098aa1cdd Group=none Operation-Cookie=0 action=Start source=MAN-PRD-FS:LHR_PRD_FS1_LHR_PRD_FS1_Uploads_mirror_vault destination=MAN-PRD-FS1:MAN_PRD_FS_LHR_PRD_FS1_LHR_PRD_FS1_Uploads_mirror_vault_audit
2018082900400634	AUDIT-LOG	Tue Aug 28 01:25:39 PDT 2018 RestoreTransfer[Aug 28 01:25:39]:eefa72fa-aa9b-11e8-8278-00a098aa1cdd Operation-Uuid=eefa72eb-aa9b-11e8-8278-00a098aa1cdd Group=none Operation-Cookie=0 action=Start source=MAN-PRD-FS:LHR_PRD_FS_LHR_PRD_FS_JAMS_mirror_vault destination=MAN-PRD-FS:MAN_PRD_FS_LHR_PRD_FS_LHR_PRD_FS_JAMS_mirror_vault_audt
2018082900400634	AUDIT-LOG	Tue Aug 28 01:28:16 PDT 2018 RestoreTransfer[Aug 28 01:25:39]:eefa72fa-aa9b-11e8-8278-00a098aa1cdd Operation-Uuid=eefa72eb-aa9b-11e8-8278-00a098aa1cdd Group=none Operation-Cookie=0 action=End source=MAN-PRD-FS:LHR_PRD_FS_LHR_PRD_FS_JAMS_mirror_vault destination=MAN-PRD-FS:MAN_PRD_FS_LHR_PRD_FS_LHR_PRD_FS_JAMS_mirror_vault_audt status=Success bytes_transferred=10221155982 network_compression_ratio=1.0:1 transfer_desc=Logical Transfer with Storage Efficiency - Optimized Directory Mode
2018082900400634	AUDIT-LOG	Tue Aug 28 04:41:28 PDT 2018 RestoreTransfer[Aug 28 01:21:37]:5edaa509-aa9b-11e8-8278-00a098aa1cdd Operation-Uuid=5edaa4f9-aa9b-11e8-8278-00a098aa1cdd Group=none Operation-Cookie=0 action=End source=MAN-PRD-FS:LHR_PRD_FS1_LHR_PRD_FS1_ClientData_mirror_vault destination=MAN-PRD-FS1:MAN_PRD_FS_LHR_PRD_FS1_LHR_PRD_FS1_ClientData_mirror_vault_audit status=Success bytes_transferred=796437387525 network_compression_ratio=1.0:1 transfer_desc=Logical Transfer with Storage Efficiency - Optimized Directory Mode
2018082900400634	AUDIT-LOG	Tue Aug 28 15:39:22 PDT 2018 RestoreTransfer[Aug 28 15:39:22]:32a3b4ea-ab13-11e8-8278-00a098aa1cdd Operation-Uuid=32a3b4dd-ab13-11e8-8278-00a098aa1cdd Group=none Operation-Cookie=0 action=Start source=MAN-PRD-FS:LHR_PRD_FS1_LHR_PRD_FS1_Uploads_mirror_vault destination=MAN-PRD-FS1:ZACH_LHR_PRD_FS1_Uploads_mirror_vault_restore
2018082900400634	AUDIT-LOG	Tue Aug 28 15:41:33 PDT 2018 RestoreTransfer[Aug 28 15:41:33]:80451f09-ab13-11e8-8278-00a098aa1cdd Operation-Uuid=80451efa-ab13-11e8-8278-00a098aa1cdd Group=none Operation-Cookie=0 action=Start source=MAN-PRD-FS:LHR_PRD_FS1_LHR_PRD_FS1_3rdParty_mirror_vault destination=MAN-PRD-FS1:Zach_LHR_PRD_FS1_3rdParty_mirror_vault_restore
2018082908430018	AUDIT-LOG	Wed Aug 29 07:10:55 JST 2018 RestoreTransfer[Aug 29 07:10:55]:38e066e4-ab0f-11e8-8c89-00a098ca364b Operation-Uuid=38e066d7-ab0f-11e8-8c89-00a098ca364b Group=none Operation-Cookie=0 action=Start source=172.20.10.22:/share/drtst_cmn_001 destination=tstsvm_cmn_db001:drtst_cmn_001_r01
2018082908430018	AUDIT-LOG	Wed Aug 29 07:10:56 JST 2018 RestoreTransfer[Aug 29 07:10:55]:38e066e4-ab0f-11e8-8c89-00a098ca364b Operation-Uuid=38e066d7-ab0f-11e8-8c89-00a098ca364b Group=none Operation-Cookie=0 action=End source=172.20.10.22:/share/drtst_cmn_001 destination=tstsvm_cmn_db001:drtst_cmn_001_r01 status=Success bytes_transferred=8800 network_compression_ratio=1.0:1 transfer_desc=Logical Transfer - Logical Directory Mode
2018082908430018	AUDIT-LOG	Wed Aug 29 07:36:29 JST 2018 RestoreTransfer[Aug 29 07:36:29]:cb69417b-ab12-11e8-8c89-00a098ca364b Operation-Uuid=cb69416f-ab12-11e8-8c89-00a098ca364b Group=none Operation-Cookie=0 action=Start source=172.20.10.22:/share/drtst_cmn_001 destination=tstsvm_cmn_db001:drtst_cmn_001_r02
2018082908430018	AUDIT-LOG	Wed Aug 29 07:36:31 JST 2018 RestoreTransfer[Aug 29 07:36:29]:cb69417b-ab12-11e8-8c89-00a098ca364b Operation-Uuid=cb69416f-ab12-11e8-8c89-00a098ca364b Group=none Operation-Cookie=0 action=End source=172.20.10.22:/share/drtst_cmn_001 destination=tstsvm_cmn_db001:drtst_cmn_001_r02 status=Success bytes_transferred=8800 network_compression_ratio=1.0:1 transfer_desc=Logical Transfer - Logical Directory Mode
2018082908430018	AUDIT-LOG	Wed Aug 29 08:03:27 JST 2018 RestoreTransfer[Aug 29 08:03:27]:8f79d897-ab16-11e8-8c89-00a098ca364b Operation-Uuid=8f79d88a-ab16-11e8-8c89-00a098ca364b Group=none Operation-Cookie=0 action=Start source=172.20.10.22:/share/drtst_cmn_001 destination=tstsvm_cmn_db001:drtst_cmn_001_r03
2018082908430018	AUDIT-LOG	Wed Aug 29 08:03:29 JST 2018 RestoreTransfer[Aug 29 08:03:27]:8f79d897-ab16-11e8-8c89-00a098ca364b Operation-Uuid=8f79d88a-ab16-11e8-8c89-00a098ca364b Group=none Operation-Cookie=0 action=End source=172.20.10.22:/share/drtst_cmn_001 destination=tstsvm_cmn_db001:drtst_cmn_001_r03 status=Success bytes_transferred=8800 network_compression_ratio=1.0:1 transfer_desc=Logical Transfer - Logical Directory Mode
2018082908430018	AUDIT-LOG	Wed Aug 29 13:10:49 JST 2018 RestoreTransfer[Aug 29 13:10:49]:7fa16f21-ab41-11e8-8c89-00a098ca364b Operation-Uuid=7fa16f14-ab41-11e8-8c89-00a098ca364b Group=none Operation-Cookie=0 action=Start source=172.20.10.22:/share/drtst_cmn_005 destination=tstsvm_cmn_db001:drtst_cmn_001_r04
2018082908430018	AUDIT-LOG	Wed Aug 29 13:10:50 JST 2018 RestoreTransfer[Aug 29 13:10:49]:7fa16f21-ab41-11e8-8c89-00a098ca364b Operation-Uuid=7fa16f14-ab41-11e8-8c89-00a098ca364b Group=none Operation-Cookie=0 action=End source=172.20.10.22:/share/drtst_cmn_005 destination=tstsvm_cmn_db001:drtst_cmn_001_r04 status=Success bytes_transferred=6600 network_compression_ratio=1.0:1 transfer_desc=Logical Transfer - Logical Directory Mode
2018082908430018	AUDIT-LOG	Wed Aug 29 13:17:25 JST 2018 RestoreTransfer[Aug 29 13:17:25]:6bc62828-ab42-11e8-8c89-00a098ca364b Operation-Uuid=6bc6281a-ab42-11e8-8c89-00a098ca364b Group=none Operation-Cookie=0 action=Start source=172.20.10.22:/share/drtst_cmn_005 destination=tstsvm_cmn_db001:drtst_cmn_001_r05
2018082908430018	AUDIT-LOG	Wed Aug 29 13:17:27 JST 2018 RestoreTransfer[Aug 29 13:17:25]:6bc62828-ab42-11e8-8c89-00a098ca364b Operation-Uuid=6bc6281a-ab42-11e8-8c89-00a098ca364b Group=none Operation-Cookie=0 action=End source=172.20.10.22:/share/drtst_cmn_005 destination=tstsvm_cmn_db001:drtst_cmn_001_r05 status=Success bytes_transferred=13200 network_compression_ratio=1.0:1 transfer_desc=Logical Transfer - Logical Directory Mode
2018082908430018	AUDIT-LOG	Wed Aug 29 13:45:07 JST 2018 RestoreTransfer[Aug 29 13:45:07]:4a99f487-ab46-11e8-8c89-00a098ca364b Operation-Uuid=4a99f47a-ab46-11e8-8c89-00a098ca364b Group=none Operation-Cookie=0 action=Start source=172.20.10.22:/share/vtst_cmn_242 destination=tstsvm_cmn_db001:vtst_cmn_242_r01
2018082908430018	AUDIT-LOG	Wed Aug 29 13:50:38 JST 2018 RestoreTransfer[Aug 29 13:45:07]:4a99f487-ab46-11e8-8c89-00a098ca364b Operation-Uuid=4a99f47a-ab46-11e8-8c89-00a098ca364b Group=none Operation-Cookie=0 action=End source=172.20.10.22:/share/vtst_cmn_242 destination=tstsvm_cmn_db001:vtst_cmn_242_r01 status=Success bytes_transferred=8743030800 network_compression_ratio=1.0:1 transfer_desc=Logical Transfer - Logical Directory Mode
2018082908430018	AUDIT-LOG	Wed Aug 29 15:55:20 JST 2018 RestoreTransfer[Aug 29 15:55:20]:7b40b5c9-ab58-11e8-8c89-00a098ca364b Operation-Uuid=7b40b5be-ab58-11e8-8c89-00a098ca364b Group=none Operation-Cookie=0 action=Start source=172.20.10.22:/share/vtst_cmn_242 destination=tstsvm_cmn_db001:vtst_cmn_242_r02
2018082908430018	AUDIT-LOG	Wed Aug 29 16:00:00 JST 2018 RestoreTransfer[Aug 29 15:55:20]:7b40b5c9-ab58-11e8-8c89-00a098ca364b Operation-Uuid=7b40b5be-ab58-11e8-8c89-00a098ca364b Group=none Operation-Cookie=0 action=End source=172.20.10.22:/share/vtst_cmn_242 destination=tstsvm_cmn_db001:vtst_cmn_242_r02 status=Success bytes_transferred=8743030800 network_compression_ratio=1.0:1 transfer_desc=Logical Transfer - Logical Directory Mode
2018082909510238	AUDIT-LOG	Wed Aug 29 10:10:03 CST 2018 RestoreTransfer[Aug 29 10:10:03]:9dc6af24-ab30-11e8-bd78-00a09816d7b2 Operation-Uuid=9dc6aeea-ab30-11e8-bd78-00a09816d7b2 Group=None Operation-Cookie=0 action=Start source=SVM_SY:SVM_SHY_veeamdr_mirror destination=SVM_SHY:veeamdr
2018082909510238	AUDIT-LOG	Wed Aug 29 10:10:31 CST 2018 RestoreTransfer[Aug 29 10:10:03]:9dc6af24-ab30-11e8-bd78-00a09816d7b2 Operation-Uuid=9dc6aeea-ab30-11e8-bd78-00a09816d7b2 Group=None Operation-Cookie=0 action=End source=SVM_SY:SVM_SHY_veeamdr_mirror destination=SVM_SHY:veeamdr status=Success bytes_transferred=109792 network_compression_ratio=1.0:1 transfer_desc=Logical Transfer with Storage Efficiency - Optimized Directory Mode
2018082916130313	AUDIT-LOG	Wed Aug 29 15:00:49 CEST 2018 RestoreTransfer[Aug 29 15:00:49]:89e6f404-ab8b-11e8-9240-00a0987c059e Operation-Uuid=89e6f3ec-ab8b-11e8-9240-00a0987c059e Group=none Operation-Cookie=0 action=Start source=192.168.181.19:/share/tufs02p3_vol02_vault_ava destination=tusv02f_1:vol02_restore
2018083000280094	AUDIT-LOG	Wed Aug 29 03:54:41 PDT 2018 RestoreTransfer[Aug 29 03:54:41]:bf361598-ab74-11e8-8542-00a09899a115 Operation-Uuid=ee5ae116-ab79-11e8-8542-00a09899a115 Group=none Operation-Cookie=0 action=Start source=ndd_crp_cifs:DR_cvol_crp_dcs_logs destination=vsw_crp_cifs:cvol_crp_dcs_logs
2018083000280094	AUDIT-LOG	Wed Aug 29 03:54:41 PDT 2018 RestoreTransfer[Aug 29 03:54:41]:bf361598-ab74-11e8-8542-00a09899a115 Operation-Uuid=ee5ae116-ab79-11e8-8542-00a09899a115 Group=none Operation-Cookie=0 action=End source=ndd_crp_cifs:DR_cvol_crp_dcs_logs destination=vsw_crp_cifs:cvol_crp_dcs_logs status=Success bytes_transferred=0 network_compression_ratio=1.0:1
2018083000280094	AUDIT-LOG	Wed Aug 29 10:41:45 PDT 2018 RestoreTransfer[Aug 29 10:41:45]:02df7a65-ab7a-11e8-8542-00a09899a115 Operation-Uuid=cc11edf9-abb2-11e8-8542-00a09899a115 Group=none Operation-Cookie=0 action=Start source=ndd_crp_cifs:DR_cvol_crp_fs_sql_backups_01 destination=vsw_crp_cifs:cvol_crp_fs_sql_backups_01
2018083000280094	AUDIT-LOG	Wed Aug 29 10:41:45 PDT 2018 RestoreTransfer[Aug 29 10:41:45]:02df7a65-ab7a-11e8-8542-00a09899a115 Operation-Uuid=cc11edf9-abb2-11e8-8542-00a09899a115 Group=none Operation-Cookie=0 action=End source=ndd_crp_cifs:DR_cvol_crp_fs_sql_backups_01 destination=vsw_crp_cifs:cvol_crp_fs_sql_backups_01 status=Success bytes_transferred=0 network_compression_ratio=1.0:1
2018083000400604	AUDIT-LOG	Wed Aug 29 05:21:52 PDT 2018 RestoreTransfer[Aug 28 01:23:09]:95bf63ce-aa9b-11e8-8278-00a098aa1cdd Operation-Uuid=95bf63be-aa9b-11e8-8278-00a098aa1cdd Group=none Operation-Cookie=0 action=End source=MAN-PRD-FS:LHR_PRD_FS1_LHR_PRD_FS1_Uploads_mirror_vault destination=MAN-PRD-FS1:MAN_PRD_FS_LHR_PRD_FS1_LHR_PRD_FS1_Uploads_mirror_vault_audit status=Success bytes_transferred=12317451797796 network_compression_ratio=1.0:1 transfer_desc=Logical Transfer with Storage Efficiency - Optimized Directory Mode
2018083000400604	AUDIT-LOG	Wed Aug 29 07:05:09 PDT 2018 RestoreTransfer[Aug 28 15:39:22]:32a3b4ea-ab13-11e8-8278-00a098aa1cdd Operation-Uuid=32a3b4dd-ab13-11e8-8278-00a098aa1cdd Group=none Operation-Cookie=0 action=End source=MAN-PRD-FS:LHR_PRD_FS1_LHR_PRD_FS1_Uploads_mirror_vault destination=MAN-PRD-FS1:ZACH_LHR_PRD_FS1_Uploads_mirror_vault_restore status=Success bytes_transferred=12380024182326 network_compression_ratio=1.0:1 transfer_desc=Logical Transfer with Storage Efficiency - Optimized Directory Mode
2018083000400604	AUDIT-LOG	Wed Aug 29 11:14:20 PDT 2018 RestoreTransfer[Aug 28 15:41:33]:80451f09-ab13-11e8-8278-00a098aa1cdd Operation-Uuid=80451efa-ab13-11e8-8278-00a098aa1cdd Group=none Operation-Cookie=0 action=End source=MAN-PRD-FS:LHR_PRD_FS1_LHR_PRD_FS1_3rdParty_mirror_vault destination=MAN-PRD-FS1:Zach_LHR_PRD_FS1_3rdParty_mirror_vault_restore status=Success bytes_transferred=8503809437262 network_compression_ratio=1.0:1 transfer_desc=Logical Transfer with Storage Efficiency - Optimized Directory Mode
2018083001160215	AUDIT-LOG	Wed Aug 29 13:17:12 PDT 2018 RestoreTransfer[Aug 29 13:17:12]:6918dd6f-abc8-11e8-9fb1-90e2bad5a240 Operation-Uuid=6918dd54-abc8-11e8-9fb1-90e2bad5a240 Group=none Operation-Cookie=0 action=Start source=uslv-vfsx-erp03-bkp:uslv_erp_qa1_rq1_data1_SV destination=uslv-vfsx-erp03:uslv_erp_qa1_rq1_data1
2018083001160215	AUDIT-LOG	Wed Aug 29 15:55:29 PDT 2018 RestoreTransfer[Aug 29 15:55:29]:9b842c8d-abde-11e8-9fb1-90e2bad5a240 Operation-Uuid=9b842c79-abde-11e8-9fb1-90e2bad5a240 Group=none Operation-Cookie=0 action=Start source=uslv-vfsx-erp03-bkp:uslv_erp_qa1_tq1_data1_SV destination=uslv-vfsx-erp03:uslv_erp_qa1_tq1_data1
2018083001160215	AUDIT-LOG	Wed Aug 29 15:58:20 PDT 2018 RestoreTransfer[Aug 29 15:55:29]:9b842c8d-abde-11e8-9fb1-90e2bad5a240 Operation-Uuid=9b842c79-abde-11e8-9fb1-90e2bad5a240 Group=none Operation-Cookie=0 action=End source=uslv-vfsx-erp03-bkp:uslv_erp_qa1_tq1_data1_SV destination=uslv-vfsx-erp03:uslv_erp_qa1_tq1_data1 status=Success bytes_transferred=6011038103 network_compression_ratio=1.0:1 transfer_desc=Logical Transfer - Optimized Directory Mode
2018083001160215	AUDIT-LOG	Wed Aug 29 19:12:21 PDT 2018 RestoreTransfer[Aug 29 13:17:12]:6918dd6f-abc8-11e8-9fb1-90e2bad5a240 Operation-Uuid=6918dd54-abc8-11e8-9fb1-90e2bad5a240 Group=none Operation-Cookie=0 action=End source=uslv-vfsx-erp03-bkp:uslv_erp_qa1_rq1_data1_SV destination=uslv-vfsx-erp03:uslv_erp_qa1_rq1_data1 status=Success bytes_transferred=1844179046181 network_compression_ratio=1.0:1 transfer_desc=Logical Transfer - Optimized Directory Mode
2018083001000307	AUDIT-LOG	Wed Aug 29 12:48:05 PDT 2018 RestoreTransfer[Aug 28 15:36:40]:d195155e-ab12-11e8-b98f-00a098afeeab Operation-Uuid=d195154e-ab12-11e8-b98f-00a098afeeab Group=none Operation-Cookie=0 action=End source=MAN-PRD-FS:LHR_PRD_FS1_LHR_PRD_FS1_3rdParty_mirror_vault destination=LHR-PRD-FS1:ZACH_LHR_PRD_FS1_3rdParty_mirror_vault_restore status=Success bytes_transferred=8468884619403 network_compression_ratio=1.0:1 transfer_desc=Logical Transfer with Storage Efficiency - Optimized Directory Mode
2018083001260027	AUDIT-LOG	Wed Aug 29 15:17:23 PDT 2018 RestoreTransfer[Aug 29 15:17:23]:4ad484f7-abd9-11e8-aecd-90e2bad5a75c Operation-Uuid=4ad484dd-abd9-11e8-aecd-90e2bad5a75c Group=none Operation-Cookie=0 action=Start source=uslv-vfsx-erp03-bkp:uslv_erp_qa1_gq1_data1_SV destination=uslv-vfsx-erp03:uslv_erp_qa1_gq1_data1
2018083001260027	AUDIT-LOG	"Wed Aug 29 15:17:28 PDT 2018 RestoreTransfer[Aug 29 15:17:23]:4ad484f7-abd9-11e8-aecd-90e2bad5a75c Operation-Uuid=4ad484dd-abd9-11e8-aecd-90e2bad5a75c Group=none Operation-Cookie=0 action=End source=uslv-vfsx-erp03-bkp:uslv_erp_qa1_gq1_data1_SV destination=uslv-vfsx-erp03:uslv_erp_qa1_gq1_data1 status=Failure message=Failed to start transfer because compression is enabled on destination volume \"uslv-vfsx-erp03:uslv_erp_qa1_gq1_data1\".(Failed to start transfer.(Negotiation for using Storage Efficiency optimization failed because there is compression on the destination volume \"5c7be30b-52ec-11e7-8d58-90e2bad5a240:uslv_erp_qa1_gq1_data1\"))"
2018083001260027	AUDIT-LOG	Wed Aug 29 15:19:17 PDT 2018 RestoreTransfer[Aug 29 15:19:17]:4ad484f7-abd9-11e8-aecd-90e2bad5a75c Operation-Uuid=8e0caf23-abd9-11e8-9fb1-90e2bad5a240 Group=none Operation-Cookie=0 action=Start source=uslv-vfsx-erp03-bkp:uslv_erp_qa1_gq1_data1_SV destination=uslv-vfsx-erp03:uslv_erp_qa1_gq1_data1
2018083001260027	AUDIT-LOG	Wed Aug 29 15:19:21 PDT 2018 RestoreTransfer[Aug 29 15:19:17]:4ad484f7-abd9-11e8-aecd-90e2bad5a75c Operation-Uuid=8e0caf23-abd9-11e8-9fb1-90e2bad5a240 Group=none Operation-Cookie=0 action=End source=uslv-vfsx-erp03-bkp:uslv_erp_qa1_gq1_data1_SV destination=uslv-vfsx-erp03:uslv_erp_qa1_gq1_data1 status=Success bytes_transferred=4223686 network_compression_ratio=1.0:1 transfer_desc=Logical Transfer - Optimized Directory Mode
2018083001260027	AUDIT-LOG	Wed Aug 29 15:28:13 PDT 2018 RestoreTransfer[Aug 29 15:28:13]:c24f4cd7-abda-11e8-9fb1-90e2bad5a240 Operation-Uuid=c24f4cc1-abda-11e8-9fb1-90e2bad5a240 Group=none Operation-Cookie=0 action=Start source=uslv-vfsx-erp03-bkp:uslv_erp_qa1_bq1_data1_SV destination=uslv-vfsx-erp03:uslv_erp_qa1_bq1_data1
2018083001260027	AUDIT-LOG	Wed Aug 29 16:08:31 PDT 2018 RestoreTransfer[Aug 29 15:28:13]:c24f4cd7-abda-11e8-9fb1-90e2bad5a240 Operation-Uuid=c24f4cc1-abda-11e8-9fb1-90e2bad5a240 Group=none Operation-Cookie=0 action=End source=uslv-vfsx-erp03-bkp:uslv_erp_qa1_bq1_data1_SV destination=uslv-vfsx-erp03:uslv_erp_qa1_bq1_data1 status=Success bytes_transferred=129114660508 network_compression_ratio=1.0:1 transfer_desc=Logical Transfer - Optimized Directory Mode
2018083001240082	AUDIT-LOG	Wed Aug 29 15:20:36 PDT 2018 RestoreTransfer[Aug 29 15:20:36]:b266eb63-abd9-11e8-9fb1-90e2bad5a240 Operation-Uuid=b266eb4c-abd9-11e8-9fb1-90e2bad5a240 Group=none Operation-Cookie=0 action=Start source=uslv-vfsx-erp03-bkp:uslv_erp_qa1_gq1_data2_SV destination=uslv-vfsx-erp03:uslv_erp_qa1_gq1_data2
2018083001240082	AUDIT-LOG	Wed Aug 29 15:28:39 PDT 2018 RestoreTransfer[Aug 29 15:28:39]:dbfba928-abda-11e8-9fb1-90e2bad5a240 Operation-Uuid=dbfba910-abda-11e8-9fb1-90e2bad5a240 Group=none Operation-Cookie=0 action=Start source=uslv-vfsx-erp03-bkp:uslv_erp_qa1_bq1_data2_SV destination=uslv-vfsx-erp03:uslv_erp_qa1_bq1_data2
2018083001240082	AUDIT-LOG	Wed Aug 29 15:45:46 PDT 2018 RestoreTransfer[Aug 29 15:20:36]:b266eb63-abd9-11e8-9fb1-90e2bad5a240 Operation-Uuid=b266eb4c-abd9-11e8-9fb1-90e2bad5a240 Group=none Operation-Cookie=0 action=End source=uslv-vfsx-erp03-bkp:uslv_erp_qa1_gq1_data2_SV destination=uslv-vfsx-erp03:uslv_erp_qa1_gq1_data2 status=Success bytes_transferred=40009930684 network_compression_ratio=1.0:1 transfer_desc=Logical Transfer - Optimized Directory Mode
2018083001240082	AUDIT-LOG	Wed Aug 29 16:05:50 PDT 2018 RestoreTransfer[Aug 29 15:28:39]:dbfba928-abda-11e8-9fb1-90e2bad5a240 Operation-Uuid=dbfba910-abda-11e8-9fb1-90e2bad5a240 Group=none Operation-Cookie=0 action=End source=uslv-vfsx-erp03-bkp:uslv_erp_qa1_bq1_data2_SV destination=uslv-vfsx-erp03:uslv_erp_qa1_bq1_data2 status=Success bytes_transferred=109303690838 network_compression_ratio=1.0:1 transfer_desc=Logical Transfer - Optimized Directory Mode
2018083001250084	AUDIT-LOG	Wed Aug 29 13:20:52 PDT 2018 RestoreTransfer[Aug 29 13:20:52]:01de5884-abc9-11e8-9fb1-90e2bad5a240 Operation-Uuid=01de586f-abc9-11e8-9fb1-90e2bad5a240 Group=none Operation-Cookie=0 action=Start source=uslv-vfsx-erp03-bkp:uslv_erp_qa1_rq1_data2_SV destination=uslv-vfsx-erp03:uslv_erp_qa1_rq1_data2
2018083001250084	AUDIT-LOG	Wed Aug 29 15:55:43 PDT 2018 RestoreTransfer[Aug 29 13:20:52]:01de5884-abc9-11e8-9fb1-90e2bad5a240 Operation-Uuid=01de586f-abc9-11e8-9fb1-90e2bad5a240 Group=none Operation-Cookie=0 action=End source=uslv-vfsx-erp03-bkp:uslv_erp_qa1_rq1_data2_SV destination=uslv-vfsx-erp03:uslv_erp_qa1_rq1_data2 status=Success bytes_transferred=714772158542 network_compression_ratio=1.0:1 transfer_desc=Logical Transfer - Optimized Directory Mode
2018083001250084	AUDIT-LOG	Wed Aug 29 15:55:45 PDT 2018 RestoreTransfer[Aug 29 15:55:45]:a4eeae13-abde-11e8-9fb1-90e2bad5a240 Operation-Uuid=a4eeadfa-abde-11e8-9fb1-90e2bad5a240 Group=none Operation-Cookie=0 action=Start source=uslv-vfsx-erp03-bkp:uslv_erp_qa1_tq1_data2_SV destination=uslv-vfsx-erp03:uslv_erp_qa1_tq1_data2
2018083001250084	AUDIT-LOG	Wed Aug 29 15:59:16 PDT 2018 RestoreTransfer[Aug 29 15:55:45]:a4eeae13-abde-11e8-9fb1-90e2bad5a240 Operation-Uuid=a4eeadfa-abde-11e8-9fb1-90e2bad5a240 Group=none Operation-Cookie=0 action=End source=uslv-vfsx-erp03-bkp:uslv_erp_qa1_tq1_data2_SV destination=uslv-vfsx-erp03:uslv_erp_qa1_tq1_data2 status=Success bytes_transferred=9147724095 network_compression_ratio=1.0:1 transfer_desc=Logical Transfer - Optimized Directory Mode
2018083008350004	AUDIT-LOG	Thu Aug 30 14:42:33 JST 2018 RestoreTransfer[Aug 30 14:42:33]:7b04f1ab-ac17-11e8-8c89-00a098ca364b Operation-Uuid=7b04f19f-ac17-11e8-8c89-00a098ca364b Group=none Operation-Cookie=0 action=Start source=172.20.10.22:/share/drtst_cmn_005 destination=tstsvm_cmn_db001:drtst_cmn_005_r01
2018083008350004	AUDIT-LOG	Thu Aug 30 14:42:35 JST 2018 RestoreTransfer[Aug 30 14:42:33]:7b04f1ab-ac17-11e8-8c89-00a098ca364b Operation-Uuid=7b04f19f-ac17-11e8-8c89-00a098ca364b Group=none Operation-Cookie=0 action=End source=172.20.10.22:/share/drtst_cmn_005 destination=tstsvm_cmn_db001:drtst_cmn_005_r01 status=Success bytes_transferred=13200 network_compression_ratio=1.0:1 transfer_desc=Logical Transfer - Logical Directory Mode
2018083008350004	AUDIT-LOG	Thu Aug 30 15:22:45 JST 2018 RestoreTransfer[Aug 30 15:22:45]:186bbcc8-ac1d-11e8-8c89-00a098ca364b Operation-Uuid=186bbcbd-ac1d-11e8-8c89-00a098ca364b Group=none Operation-Cookie=0 action=Start source=172.20.10.22:/share/drtst_cmn_005 destination=tstsvm_cmn_db001:drtst_cmn_005_r02
2018083008350004	AUDIT-LOG	Thu Aug 30 15:22:46 JST 2018 RestoreTransfer[Aug 30 15:22:45]:186bbcc8-ac1d-11e8-8c89-00a098ca364b Operation-Uuid=186bbcbd-ac1d-11e8-8c89-00a098ca364b Group=none Operation-Cookie=0 action=End source=172.20.10.22:/share/drtst_cmn_005 destination=tstsvm_cmn_db001:drtst_cmn_005_r02 status=Success bytes_transferred=13200 network_compression_ratio=1.0:1 transfer_desc=Logical Transfer - Logical Directory Mode
2018083008350004	AUDIT-LOG	Thu Aug 30 16:49:05 JST 2018 RestoreTransfer[Aug 30 16:49:05]:33e0769b-aab4-11e8-8c89-00a098ca364b Operation-Uuid=2b060c54-ac29-11e8-8c89-00a098ca364b Group=none Operation-Cookie=0 action=Start source=172.20.10.22:/share/vtst_cmn_269 destination=tstsvm_cmn_db001:drtst_vtst_cmn_269
2018083008350004	AUDIT-LOG	Thu Aug 30 16:49:05 JST 2018 RestoreTransfer[Aug 30 16:49:05]:33e0769b-aab4-11e8-8c89-00a098ca364b Operation-Uuid=2b060c54-ac29-11e8-8c89-00a098ca364b Group=none Operation-Cookie=0 action=End source=172.20.10.22:/share/vtst_cmn_269 destination=tstsvm_cmn_db001:drtst_vtst_cmn_269 status=Success bytes_transferred=0 network_compression_ratio=1.0:1
2018083008350004	AUDIT-LOG	Thu Aug 30 16:50:23 JST 2018 RestoreTransfer[Aug 30 16:50:23]:0dccb249-ab45-11e8-8c89-00a098ca364b Operation-Uuid=599e1d0d-ac29-11e8-8c89-00a098ca364b Group=none Operation-Cookie=0 action=Start source=172.20.10.22:/share/v_drtest_002 destination=tstsvm_cmn_db001:v_drtest_002_r01
2018083008350004	AUDIT-LOG	"Thu Aug 30 16:50:23 JST 2018 RestoreTransfer[Aug 30 16:50:23]:0dccb249-ab45-11e8-8c89-00a098ca364b Operation-Uuid=599e1d0d-ac29-11e8-8c89-00a098ca364b Group=none Operation-Cookie=0 action=End source=172.20.10.22:/share/v_drtest_002 destination=tstsvm_cmn_db001:v_drtest_002_r01 status=Failure message=\"tstsvm_cmn_db001:v_drtest_002_r01\" will continue to be a data-protection volume when \"snapmirror restore\" with the \"-clean-up-failure\" parameter completes."
2018083008350004	AUDIT-LOG	Thu Aug 30 16:50:48 JST 2018 RestoreTransfer[Aug 30 16:50:48]:864a38bc-aabb-11e8-8c89-00a098ca364b Operation-Uuid=68a837e7-ac29-11e8-8c89-00a098ca364b Group=none Operation-Cookie=0 action=Start source=172.20.10.22:/share/vtst_cmn_269 destination=tstsvm_cmn_db001:drtst_vtst_cmn_269_1
2018083008350004	AUDIT-LOG	Thu Aug 30 16:50:48 JST 2018 RestoreTransfer[Aug 30 16:50:48]:864a38bc-aabb-11e8-8c89-00a098ca364b Operation-Uuid=68a837e7-ac29-11e8-8c89-00a098ca364b Group=none Operation-Cookie=0 action=End source=172.20.10.22:/share/vtst_cmn_269 destination=tstsvm_cmn_db001:drtst_vtst_cmn_269_1 status=Success bytes_transferred=0 network_compression_ratio=1.0:1
2018083008350004	AUDIT-LOG	Thu Aug 30 16:51:05 JST 2018 RestoreTransfer[Aug 30 16:51:05]:f0d845e4-aabd-11e8-8c89-00a098ca364b Operation-Uuid=72bbe491-ac29-11e8-8c89-00a098ca364b Group=none Operation-Cookie=0 action=Start source=172.20.10.22:/share/vtst_cmn_273 destination=tstsvm_cmn_db001:drtst_vtst_cmn_273_2
2018083008350004	AUDIT-LOG	Thu Aug 30 16:51:05 JST 2018 RestoreTransfer[Aug 30 16:51:05]:f0d845e4-aabd-11e8-8c89-00a098ca364b Operation-Uuid=72bbe491-ac29-11e8-8c89-00a098ca364b Group=none Operation-Cookie=0 action=End source=172.20.10.22:/share/vtst_cmn_273 destination=tstsvm_cmn_db001:drtst_vtst_cmn_273_2 status=Success bytes_transferred=0 network_compression_ratio=1.0:1
2018083008350004	AUDIT-LOG	Thu Aug 30 16:52:13 JST 2018 RestoreTransfer[Aug 30 16:52:13]:a98f5e0e-aabd-11e8-8c89-00a098ca364b Operation-Uuid=9b6f07d0-ac29-11e8-8c89-00a098ca364b Group=none Operation-Cookie=0 action=Start source=172.20.10.22:/share/vtst_cmn_269 destination=tstsvm_cmn_db001:drtst_vtst_cmn_269_2
2018083008350004	AUDIT-LOG	Thu Aug 30 16:52:13 JST 2018 RestoreTransfer[Aug 30 16:52:13]:a98f5e0e-aabd-11e8-8c89-00a098ca364b Operation-Uuid=9b6f07d0-ac29-11e8-8c89-00a098ca364b Group=none Operation-Cookie=0 action=End source=172.20.10.22:/share/vtst_cmn_269 destination=tstsvm_cmn_db001:drtst_vtst_cmn_269_2 status=Success bytes_transferred=0 network_compression_ratio=1.0:1
2018083010130021	AUDIT-LOG	Thu Aug 30 08:45:02 CST 2018 RestoreTransfer[Aug 30 08:45:02]:ea0aff28-abed-11e8-b8ed-00a098549720 Operation-Uuid=ea0aff0f-abed-11e8-b8ed-00a098549720 Group=none Operation-Cookie=0 action=Start source=vscl2_t2_fs05_vault:data05_vault destination=vscl2_t2_fs05_vault:data05_re
2018083016000503	AUDIT-LOG	Thu Aug 30 08:33:36 CEST 2018 RestoreTransfer[Aug 30 08:33:36]:9caf342c-ac1e-11e8-94e4-00a0988db0f9 Operation-Uuid=9caf340f-ac1e-11e8-94e4-00a0988db0f9 Group=none Operation-Cookie=0 action=Start source=STR-VAULT-01:fra_nfs_dev01_data_vault destination=svm-restore:STR_VAULT_01_fra_nfs_dev01_data_vault_restore
2018083016000503	AUDIT-LOG	Thu Aug 30 14:54:04 CEST 2018 RestoreTransfer[Aug 30 08:33:36]:9caf342c-ac1e-11e8-94e4-00a0988db0f9 Operation-Uuid=9caf340f-ac1e-11e8-94e4-00a0988db0f9 Group=none Operation-Cookie=0 action=End source=STR-VAULT-01:fra_nfs_dev01_data_vault destination=svm-restore:STR_VAULT_01_fra_nfs_dev01_data_vault_restore status=Success bytes_transferred=1494178027659 network_compression_ratio=1.0:1 transfer_desc=Logical Transfer with Storage Efficiency - Optimized Directory Mode
